rental_id,rental_date,inventory_id,customer_id,return_date
1,2023-05-24,632,19,2023-05-26
2,2023-05-24,448,10,2023-05-28
3,2023-05-24,731,18,2023-06-01
4,2023-05-24,666,6,2023-06-03
5,2023-05-24,41,25,2023-06-02
6,2023-05-24,797,10,2023-05-27
7,2023-05-24,853,18,2023-05-29
8,2023-05-24,542,24,2023-05-27
9,2023-05-25,388,1,2023-05-28
10,2023-05-25,150,11,2023-05-31
11,2023-05-25,134,6,2023-06-02
12,2023-05-25,702,11,2023-05-30
13,2023-05-25,288,5,2023-05-30
14,2023-05-25,841,3,2023-05-26
15,2023-05-25,403,17,2023-06-03
16,2023-05-25,383,7,2023-05-26
17,2023-05-25,461,6,2023-05-27
18,2023-05-25,63,21,2023-05-31
19,2023-05-25,389,18,2023-05-31
20,2023-05-25,58,25,2023-05-27
21,2023-05-25,610,5,2023-05-26
22,2023-05-25,193,9,2023-05-26
23,2023-05-25,305,21,2023-05-29
24,2023-05-25,755,25,2023-05-27
25,2023-05-25,311,16,2023-05-27
26,2023-05-25,333,12,2023-05-31
27,2023-05-25,64,2,2023-05-30
28,2023-05-25,2,3,2023-05-26
29,2023-05-25,66,1,2023-05-30
30,2023-05-25,903,9,2023-05-30
31,2023-05-25,934,3,2023-05-30
32,2023-05-25,246,23,2023-05-25
33,2023-05-25,116,16,2023-05-27
34,2023-05-25,840,3,2023-05-29
35,2023-05-25,811,18,2023-05-27
36,2023-05-25,453,6,2023-05-29
37,2023-05-25,640,8,2023-05-29
38,2023-05-25,419,12,2023-06-01
39,2023-05-25,287,3,2023-05-31
40,2023-05-25,801,15,2023-05-27
41,2023-05-25,450,23,2023-06-02
42,2023-05-25,32,23,2023-05-31
43,2023-05-25,711,12,2023-05-26
44,2023-05-25,287,7,2023-05-29
45,2023-05-25,346,9,2023-06-02
46,2023-05-25,106,14,2023-06-02
47,2023-05-25,774,1,2023-05-30
48,2023-05-25,928,18,2023-06-02
49,2023-05-25,226,16,2023-05-30
50,2023-05-25,93,8,2023-05-28
51,2023-05-25,342,14,2023-05-26
52,2023-05-25,716,9,2023-05-31
53,2023-05-25,256,12,2023-05-27
54,2023-05-25,922,24,2023-06-01
55,2023-05-25,582,15,2023-05-30
56,2023-05-25,383,6,2023-05-26
57,2023-05-25,404,5,2023-05-29
58,2023-05-25,520,5,2023-05-28
59,2023-05-25,379,21,2023-06-01
60,2023-05-25,832,4,2023-05-30
61,2023-05-25,91,16,2023-06-02
62,2023-05-25,267,3,2023-05-30
63,2023-05-25,227,12,2023-05-27
64,2023-05-25,356,14,2023-06-03
65,2023-05-25,967,21,2023-05-29
66,2023-05-25,964,18,2023-05-29
67,2023-05-25,72,3,2023-05-27
68,2023-05-25,732,3,2023-05-31
69,2023-05-25,16,18,2023-05-27
70,2023-05-25,891,9,2023-05-27
71,2023-05-25,916,1,2023-05-28
72,2023-05-25,761,11,2023-05-28
73,2023-05-25,45,15,2023-06-01
74,2023-05-25,540,23,2023-05-26
75,2023-05-25,908,20,2023-06-03
76,2023-05-25,550,17,2023-06-03
77,2023-05-25,162,10,2023-05-26
78,2023-05-25,235,8,2023-05-31
79,2023-05-25,1,17,2023-06-03
80,2023-05-25,872,21,2023-05-31
81,2023-05-25,336,4,2023-06-02
82,2023-05-25,179,6,2023-06-01
83,2023-05-25,277,23,2023-05-27
84,2023-05-25,315,9,2023-05-29
85,2023-05-25,778,3,2023-05-29
86,2023-05-25,71,15,2023-05-30
87,2023-05-25,782,21,2023-05-29
88,2023-05-25,919,8,2023-05-29
89,2023-05-25,7,24,2023-05-29
90,2023-05-25,662,14,2023-06-01
91,2023-05-25,578,15,2023-06-01
92,2023-05-25,454,9,2023-05-31
93,2023-05-25,376,3,2023-06-03
94,2023-05-25,630,1,2023-05-30
95,2023-05-25,158,16,2023-06-02
96,2023-05-25,886,24,2023-05-30
97,2023-05-25,752,24,2023-05-28
98,2023-05-25,216,18,2023-05-27
99,2023-05-25,816,16,2023-05-28
100,2023-05-25,953,9,2023-06-02
101,2023-05-25,374,15,2023-05-31
102,2023-05-25,495,12,2023-05-31
103,2023-05-25,941,25,2023-06-03
104,2023-05-25,977,12,2023-05-27
105,2023-05-25,790,6,2023-05-30
106,2023-05-25,2,14,2023-06-04
107,2023-05-25,719,22,2023-06-03
108,2023-05-25,236,8,2023-05-30
109,2023-05-25,959,22,2023-05-29
110,2023-05-25,971,15,2023-06-03
111,2023-05-25,687,6,2023-05-28
112,2023-05-25,549,3,2023-06-02
113,2023-05-25,420,12,2023-05-27
114,2023-05-25,854,21,2023-06-01
115,2023-05-25,809,9,2023-05-29
116,2023-05-25,654,19,2023-05-26
117,2023-05-25,417,1,2023-05-31
118,2023-05-25,957,12,2023-05-31
119,2023-05-25,833,19,2023-05-29
120,2023-05-25,363,10,2023-06-01
121,2023-05-25,810,9,2023-05-29
122,2023-05-25,199,10,2023-06-02
123,2023-05-25,294,22,2023-05-26
124,2023-05-25,172,5,2023-05-30
125,2023-05-25,935,2,2023-06-02
126,2023-05-25,768,14,2023-05-28
127,2023-05-25,201,21,2023-06-02
128,2023-05-25,749,19,2023-05-29
129,2023-05-25,636,5,2023-06-04
130,2023-05-25,790,20,2023-05-30
131,2023-05-25,720,7,2023-05-30
132,2023-05-25,797,22,2023-05-31
133,2023-05-25,782,22,2023-05-30
134,2023-05-25,156,12,2023-06-02
135,2023-05-25,441,22,2023-06-03
136,2023-05-25,902,23,2023-05-31
137,2023-05-25,410,15,2023-06-01
138,2023-05-25,11,12,2023-05-29
139,2023-05-25,602,15,2023-05-29
140,2023-05-25,252,3,2023-05-27
141,2023-05-25,849,20,2023-06-02
142,2023-05-25,196,24,2023-05-29
143,2023-05-25,371,13,2023-05-27
144,2023-05-25,798,25,2023-06-01
145,2023-05-25,47,10,2023-05-31
146,2023-05-26,438,16,2023-06-04
147,2023-05-26,169,7,2023-05-29
148,2023-05-26,367,3,2023-06-01
149,2023-05-26,199,5,2023-06-02
150,2023-05-26,143,20,2023-06-01
151,2023-05-26,813,1,2023-05-30
152,2023-05-26,225,22,2023-06-03
153,2023-05-26,253,8,2023-05-27
154,2023-05-26,379,10,2023-05-29
155,2023-05-26,508,24,2023-06-01
156,2023-05-26,46,2,2023-05-27
157,2023-05-26,833,3,2023-05-26
158,2023-05-26,692,9,2023-06-03
159,2023-05-26,215,2,2023-05-29
160,2023-05-26,488,20,2023-06-01
161,2023-05-26,95,8,2023-05-27
162,2023-05-26,868,3,2023-05-27
163,2023-05-26,137,10,2023-06-04
164,2023-05-26,685,2,2023-05-28
165,2023-05-26,524,12,2023-06-02
166,2023-05-26,416,9,2023-05-31
167,2023-05-26,225,9,2023-05-27
168,2023-05-26,86,19,2023-06-02
169,2023-05-26,251,25,2023-05-27
170,2023-05-26,866,24,2023-06-02
171,2023-05-26,722,9,2023-06-03
172,2023-05-26,416,22,2023-05-29
173,2023-05-26,500,19,2023-05-28
174,2023-05-26,603,3,2023-05-28
175,2023-05-26,832,25,2023-06-03
176,2023-05-26,253,1,2023-06-01
177,2023-05-26,654,6,2023-06-01
178,2023-05-26,335,1,2023-06-04
179,2023-05-26,309,3,2023-06-03
180,2023-05-26,384,13,2023-06-01
181,2023-05-26,925,1,2023-05-29
182,2023-05-26,763,17,2023-06-01
183,2023-05-26,803,15,2023-06-01
184,2023-05-26,515,3,2023-05-28
185,2023-05-26,597,19,2023-06-02
186,2023-05-26,194,14,2023-06-03
187,2023-05-26,758,12,2023-06-04
188,2023-05-26,98,22,2023-05-26
189,2023-05-26,986,13,2023-05-27
190,2023-05-26,289,11,2023-06-01
191,2023-05-26,454,21,2023-05-28
192,2023-05-26,316,1,2023-06-02
193,2023-05-26,674,5,2023-05-30
194,2023-05-26,551,22,2023-05-30
195,2023-05-26,949,16,2023-05-31
196,2023-05-26,851,17,2023-05-27
197,2023-05-26,593,19,2023-06-03
198,2023-05-26,689,1,2023-06-04
199,2023-05-26,135,18,2023-05-28
200,2023-05-26,281,8,2023-05-31
201,2023-05-26,316,16,2023-06-04
202,2023-05-26,654,20,2023-06-02
203,2023-05-26,232,19,2023-06-03
204,2023-05-26,462,16,2023-05-30
205,2023-05-26,390,13,2023-05-29
206,2023-05-26,379,13,2023-05-27
207,2023-05-26,116,11,2023-05-27
208,2023-05-26,8,18,2023-05-27
209,2023-05-26,1,4,2023-05-27
210,2023-05-26,849,18,2023-05-27
211,2023-05-26,65,9,2023-05-28
212,2023-05-26,774,20,2023-05-30
213,2023-05-26,657,2,2023-05-31
214,2023-05-26,481,22,2023-05-31
215,2023-05-26,596,2,2023-05-28
216,2023-05-26,43,22,2023-06-03
217,2023-05-26,151,13,2023-05-31
218,2023-05-26,501,24,2023-06-04
219,2023-05-26,603,22,2023-05-28
220,2023-05-26,453,4,2023-06-01
221,2023-05-26,5,15,2023-05-29
222,2023-05-26,646,10,2023-05-31
223,2023-05-26,457,20,2023-05-30
224,2023-05-26,385,6,2023-06-04
225,2023-05-26,445,5,2023-06-01
226,2023-05-26,506,19,2023-05-31
227,2023-05-26,770,4,2023-05-30
228,2023-05-26,601,18,2023-06-04
229,2023-05-26,945,14,2023-05-31
230,2023-05-26,106,9,2023-05-30
231,2023-05-26,896,25,2023-05-27
232,2023-05-26,502,9,2023-05-27
233,2023-05-26,389,5,2023-05-28
234,2023-05-26,106,22,2023-06-03
235,2023-05-26,923,16,2023-06-04
236,2023-05-26,250,3,2023-05-28
237,2023-05-26,506,15,2023-05-29
238,2023-05-26,202,15,2023-05-27
239,2023-05-26,966,16,2023-06-01
240,2023-05-26,447,22,2023-06-04
241,2023-05-26,587,22,2023-05-28
242,2023-05-26,868,4,2023-06-02
243,2023-05-26,720,5,2023-06-03
244,2023-05-26,909,11,2023-05-31
245,2023-05-26,901,11,2023-05-27
246,2023-05-26,590,23,2023-05-29
247,2023-05-26,891,24,2023-05-28
248,2023-05-26,67,14,2023-05-31
249,2023-05-26,62,19,2023-05-28
250,2023-05-26,796,5,2023-05-27
251,2023-05-26,395,6,2023-05-29
252,2023-05-26,626,23,2023-06-02
253,2023-05-26,743,12,2023-05-27
254,2023-05-26,111,9,2023-05-31
255,2023-05-26,952,22,2023-05-27
256,2023-05-26,69,9,2023-05-31
257,2023-05-26,588,18,2023-05-29
258,2023-05-26,551,15,2023-05-30
259,2023-05-26,357,3,2023-06-04
260,2023-05-26,676,9,2023-05-31
261,2023-05-26,801,14,2023-06-02
262,2023-05-26,163,25,2023-05-28
263,2023-05-26,853,15,2023-05-30
264,2023-05-26,109,23,2023-05-27
265,2023-05-26,904,9,2023-06-01
266,2023-05-26,399,23,2023-05-27
267,2023-05-26,274,3,2023-05-30
268,2023-05-26,139,14,2023-05-27
269,2023-05-26,812,2,2023-05-27
270,2023-05-26,972,25,2023-06-03
271,2023-05-26,289,19,2023-06-03
272,2023-05-26,353,18,2023-06-03
273,2023-05-26,237,10,2023-05-29
274,2023-05-26,723,15,2023-06-03
275,2023-05-26,269,21,2023-06-04
276,2023-05-26,31,4,2023-06-03
277,2023-05-26,131,16,2023-05-28
278,2023-05-26,638,7,2023-06-02
279,2023-05-26,145,21,2023-06-03
280,2023-05-26,487,11,2023-05-27
281,2023-05-26,571,23,2023-05-27
282,2023-05-26,999,16,2023-06-01
283,2023-05-26,56,24,2023-05-31
284,2023-05-26,752,1,2023-06-04
285,2023-05-26,916,17,2023-05-31
286,2023-05-26,786,7,2023-06-04
287,2023-05-26,256,1,2023-06-02
288,2023-05-26,891,22,2023-06-03
289,2023-05-26,443,23,2023-05-28
290,2023-05-26,932,16,2023-05-30
291,2023-05-26,480,3,2023-06-03
292,2023-05-26,104,10,2023-06-05
293,2023-05-26,632,5,2023-06-03
294,2023-05-26,908,9,2023-05-28
295,2023-05-26,998,22,2023-05-27
296,2023-05-26,68,1,2023-06-04
297,2023-05-26,271,8,2023-05-27
298,2023-05-26,122,16,2023-05-29
299,2023-05-26,321,6,2023-05-28
300,2023-05-26,857,18,2023-06-05
301,2023-05-26,1000,1,2023-06-01
302,2023-05-26,26,14,2023-06-03
303,2023-05-26,15,17,2023-05-27
304,2023-05-26,823,16,2023-06-02
305,2023-05-26,537,10,2023-06-02
306,2023-05-26,405,8,2023-05-28
307,2023-05-26,804,7,2023-06-04
308,2023-05-26,986,9,2023-06-04
309,2023-05-26,504,2,2023-06-02
310,2023-05-26,138,20,2023-06-02
311,2023-05-26,250,10,2023-06-01
312,2023-05-26,918,6,2023-06-02
313,2023-05-26,264,21,2023-05-29
314,2023-05-26,920,12,2023-05-28
315,2023-05-26,665,12,2023-05-29
316,2023-05-26,129,23,2023-05-29
317,2023-05-26,598,25,2023-06-01
318,2023-05-26,494,16,2023-06-03
319,2023-05-26,138,23,2023-05-30
320,2023-05-27,386,3,2023-05-28
322,2023-05-27,141,6,2023-06-02
323,2023-05-27,26,8,2023-05-30
324,2023-05-27,967,16,2023-05-30
325,2023-05-27,164,1,2023-05-31
326,2023-05-27,204,5,2023-06-04
327,2023-05-27,453,12,2023-06-04
328,2023-05-27,233,12,2023-06-01
329,2023-05-27,897,25,2023-05-31
330,2023-05-27,456,10,2023-06-04
331,2023-05-27,949,7,2023-06-05
332,2023-05-27,32,12,2023-06-03
333,2023-05-27,716,24,2023-06-01
334,2023-05-27,981,16,2023-05-29
335,2023-05-27,542,16,2023-06-05
336,2023-05-27,93,18,2023-05-29
337,2023-05-27,62,15,2023-06-02
338,2023-05-27,360,17,2023-06-01
339,2023-05-27,932,5,2023-06-04
340,2023-05-27,598,3,2023-06-04
341,2023-05-27,32,22,2023-06-05
342,2023-05-27,42,3,2023-05-29
343,2023-05-27,762,11,2023-05-28
344,2023-05-27,228,11,2023-05-29
345,2023-05-27,300,20,2023-05-31
346,2023-05-27,875,16,2023-06-05
347,2023-05-27,770,2,2023-05-28
348,2023-05-27,892,24,2023-06-01
349,2023-05-27,652,20,2023-05-28
350,2023-05-27,730,22,2023-06-04
351,2023-05-27,98,23,2023-06-01
352,2023-05-27,981,13,2023-05-29
353,2023-05-27,679,13,2023-06-03
354,2023-05-27,773,13,2023-06-01
355,2023-05-27,290,4,2023-06-01
356,2023-05-27,490,5,2023-05-30
357,2023-05-27,953,9,2023-05-30
358,2023-05-27,883,1,2023-05-29
359,2023-05-27,79,4,2023-05-29
360,2023-05-27,329,15,2023-06-03
361,2023-05-27,807,14,2023-05-31
362,2023-05-27,654,20,2023-06-01
363,2023-05-27,451,7,2023-05-28
364,2023-05-27,691,1,2023-05-31
365,2023-05-27,815,9,2023-06-04
366,2023-05-27,968,25,2023-06-04
367,2023-05-27,393,6,2023-05-30
368,2023-05-27,480,16,2023-06-04
369,2023-05-27,507,9,2023-06-01
370,2023-05-27,944,17,2023-06-05
371,2023-05-27,233,16,2023-06-05
372,2023-05-27,723,19,2023-06-04
373,2023-05-27,829,22,2023-06-01
374,2023-05-27,618,18,2023-06-05
375,2023-05-27,419,21,2023-06-04
376,2023-05-27,480,12,2023-06-02
377,2023-05-27,182,14,2023-06-02
378,2023-05-27,479,18,2023-05-29
379,2023-05-27,836,19,2023-06-02
380,2023-05-27,131,23,2023-06-04
381,2023-05-27,498,21,2023-05-31
382,2023-05-27,945,10,2023-05-31
383,2023-05-27,56,19,2023-06-03
384,2023-05-27,351,19,2023-06-02
385,2023-05-27,722,5,2023-05-30
386,2023-05-27,294,22,2023-05-30
387,2023-05-27,541,1,2023-06-01
388,2023-05-27,458,15,2023-05-30
389,2023-05-27,925,11,2023-06-05
390,2023-05-27,284,18,2023-06-02
391,2023-05-27,26,20,2023-06-01
392,2023-05-27,533,25,2023-06-01
393,2023-05-27,547,12,2023-05-28
394,2023-05-27,330,23,2023-06-03
395,2023-05-27,640,10,2023-05-31
396,2023-05-27,228,18,2023-05-29
397,2023-05-27,726,9,2023-05-28
398,2023-05-27,951,12,2023-06-02
399,2023-05-27,225,21,2023-05-29
400,2023-05-27,562,22,2023-05-31
401,2023-05-27,154,2,2023-05-29
402,2023-05-27,81,13,2023-05-30
403,2023-05-27,55,22,2023-05-29
404,2023-05-27,444,10,2023-05-30
405,2023-05-27,465,18,2023-06-05
406,2023-05-27,630,11,2023-05-30
407,2023-05-27,803,2,2023-05-31
408,2023-05-27,253,11,2023-05-28
409,2023-05-27,401,24,2023-06-02
410,2023-05-27,192,16,2023-06-02
411,2023-05-27,189,8,2023-06-03
412,2023-05-27,281,1,2023-05-29
413,2023-05-27,668,23,2023-06-03
414,2023-05-27,771,14,2023-05-31
415,2023-05-27,930,9,2023-05-28
416,2023-05-27,890,9,2023-05-29
417,2023-05-27,356,8,2023-05-29
418,2023-05-27,668,19,2023-06-04
419,2023-05-27,556,20,2023-06-02
420,2023-05-27,275,3,2023-06-03
421,2023-05-27,785,4,2023-06-04
422,2023-05-27,612,12,2023-06-01
423,2023-05-27,231,23,2023-06-02
424,2023-05-27,349,15,2023-06-05
425,2023-05-27,163,15,2023-06-03
426,2023-05-27,68,4,2023-06-05
427,2023-05-27,773,15,2023-06-05
428,2023-05-27,242,14,2023-05-31
429,2023-05-27,517,5,2023-06-05
430,2023-05-27,877,10,2023-06-05
431,2023-05-27,73,17,2023-06-05
432,2023-05-27,105,18,2023-05-29
433,2023-05-27,801,17,2023-05-30
434,2023-05-27,449,15,2023-06-04
435,2023-05-27,344,19,2023-06-02
436,2023-05-27,755,24,2023-05-30
437,2023-05-27,358,6,2023-06-05
438,2023-05-27,825,17,2023-06-05
439,2023-05-27,314,11,2023-06-02
440,2023-05-27,236,2,2023-05-29
441,2023-05-27,455,7,2023-05-30
442,2023-05-27,154,13,2023-05-30
443,2023-05-27,760,15,2023-06-04
444,2023-05-27,64,21,2023-06-01
445,2023-05-27,964,18,2023-05-30
446,2023-05-27,689,11,2023-06-03
447,2023-05-27,100,4,2023-06-05
448,2023-05-27,643,2,2023-06-03
449,2023-05-27,909,23,2023-06-04
450,2023-05-27,242,20,2023-06-05
451,2023-05-27,208,1,2023-05-29
452,2023-05-27,554,1,2023-05-30
453,2023-05-27,835,18,2023-05-29
454,2023-05-27,246,20,2023-05-30
455,2023-05-27,909,14,2023-06-04
456,2023-05-27,96,20,2023-06-02
457,2023-05-27,16,16,2023-06-02
458,2023-05-27,309,7,2023-06-06
459,2023-05-27,898,21,2023-05-29
460,2023-05-27,228,5,2023-05-28
461,2023-05-27,197,5,2023-06-01
462,2023-05-27,285,16,2023-06-03
463,2023-05-27,102,23,2023-06-04
464,2023-05-27,219,18,2023-05-30
465,2023-05-27,811,6,2023-06-02
466,2023-05-27,763,15,2023-05-29
467,2023-05-27,650,19,2023-06-01
468,2023-05-27,662,17,2023-06-04
469,2023-05-27,58,15,2023-06-05
470,2023-05-27,793,2,2023-06-04
471,2023-05-27,928,3,2023-05-31
472,2023-05-27,617,10,2023-05-29
473,2023-05-27,271,4,2023-06-05
474,2023-05-27,803,2,2023-05-31
475,2023-05-27,742,5,2023-05-28
476,2023-05-27,240,19,2023-06-03
477,2023-05-27,204,14,2023-06-02
478,2023-05-27,773,9,2023-05-31
479,2023-05-27,67,19,2023-06-05
480,2023-05-27,672,16,2023-06-04
481,2023-05-27,481,24,2023-05-30
482,2023-05-27,179,20,2023-06-01
483,2023-05-27,53,8,2023-05-28
484,2023-05-27,862,6,2023-05-29
485,2023-05-27,160,15,2023-05-28
486,2023-05-27,382,24,2023-05-28
487,2023-05-28,689,8,2023-05-28
488,2023-05-28,82,1,2023-06-03
489,2023-05-28,18,13,2023-05-31
490,2023-05-28,341,17,2023-05-30
491,2023-05-28,717,24,2023-05-29
492,2023-05-28,284,25,2023-05-28
493,2023-05-28,727,12,2023-05-30
494,2023-05-28,847,1,2023-06-02
495,2023-05-28,563,21,2023-05-29
496,2023-05-28,666,1,2023-06-04
497,2023-05-28,676,10,2023-06-03
498,2023-05-28,915,11,2023-05-30
499,2023-05-28,523,8,2023-06-05
500,2023-05-28,738,16,2023-05-31
501,2023-05-28,382,10,2023-05-30
502,2023-05-28,489,13,2023-05-31
503,2023-05-28,670,15,2023-05-28
504,2023-05-28,152,12,2023-05-30
505,2023-05-28,793,2,2023-05-29
506,2023-05-28,547,18,2023-06-05
507,2023-05-28,774,16,2023-06-02
508,2023-05-28,924,16,2023-06-05
509,2023-05-28,677,18,2023-05-31
510,2023-05-28,875,18,2023-05-30
511,2023-05-28,760,2,2023-06-03
512,2023-05-28,9,6,2023-06-05
513,2023-05-28,359,12,2023-05-29
514,2023-05-28,648,15,2023-06-05
515,2023-05-28,149,4,2023-06-04
516,2023-05-28,997,12,2023-06-04
517,2023-05-28,560,15,2023-05-29
518,2023-05-28,612,17,2023-05-30
519,2023-05-28,204,13,2023-06-03
520,2023-05-28,882,11,2023-06-04
521,2023-05-28,691,19,2023-05-28
522,2023-05-28,884,15,2023-05-31
523,2023-05-28,742,17,2023-05-31
524,2023-05-28,263,25,2023-05-31
525,2023-05-28,719,20,2023-06-06
526,2023-05-28,183,5,2023-05-30
527,2023-05-28,166,14,2023-06-02
528,2023-05-28,389,6,2023-06-03
529,2023-05-28,687,5,2023-05-30
530,2023-05-28,816,12,2023-06-01
531,2023-05-28,175,16,2023-05-29
532,2023-05-28,534,16,2023-06-02
533,2023-05-28,530,11,2023-06-01
534,2023-05-28,139,25,2023-06-06
535,2023-05-28,326,19,2023-05-31
536,2023-05-28,678,20,2023-06-03
537,2023-05-28,812,25,2023-06-05
538,2023-05-28,701,25,2023-06-02
539,2023-05-28,187,22,2023-05-30
540,2023-05-28,55,11,2023-06-06
541,2023-05-28,146,19,2023-06-02
542,2023-05-28,853,16,2023-06-03
543,2023-05-28,253,5,2023-06-06
544,2023-05-28,76,9,2023-06-06
545,2023-05-28,93,1,2023-06-04
546,2023-05-28,602,9,2023-06-01
547,2023-05-28,273,8,2023-06-06
548,2023-05-28,844,6,2023-06-05
549,2023-05-28,800,7,2023-06-02
550,2023-05-28,242,20,2023-06-06
551,2023-05-28,707,23,2023-06-02
552,2023-05-28,328,7,2023-06-04
553,2023-05-28,361,8,2023-06-02
554,2023-05-28,113,20,2023-05-31
555,2023-05-28,900,4,2023-05-30
556,2023-05-28,100,23,2023-06-06
557,2023-05-28,691,7,2023-06-03
558,2023-05-28,956,8,2023-06-06
559,2023-05-28,227,9,2023-06-05
560,2023-05-28,226,18,2023-06-04
561,2023-05-28,57,5,2023-06-05
562,2023-05-28,147,1,2023-06-02
563,2023-05-28,580,4,2023-06-06
564,2023-05-28,260,17,2023-05-29
565,2023-05-28,389,17,2023-06-01
566,2023-05-28,314,1,2023-06-05
567,2023-05-28,629,2,2023-06-01
568,2023-05-28,971,21,2023-05-31
569,2023-05-28,166,13,2023-06-03
570,2023-05-28,667,10,2023-05-30
571,2023-05-28,767,7,2023-06-05
572,2023-05-28,594,2,2023-06-02
573,2023-05-28,925,12,2023-06-03
574,2023-05-28,913,2,2023-06-04
575,2023-05-28,77,8,2023-06-05
576,2023-05-28,322,21,2023-06-04
577,2023-05-28,417,22,2023-06-01
578,2023-05-28,878,12,2023-06-02
579,2023-05-28,715,4,2023-06-02
580,2023-05-28,559,2,2023-06-01
581,2023-05-28,766,8,2023-06-04
582,2023-05-28,557,10,2023-05-29
583,2023-05-28,322,10,2023-06-04
584,2023-05-28,384,2,2023-06-01
585,2023-05-28,664,3,2023-06-03
586,2023-05-28,693,16,2023-05-29
587,2023-05-28,653,5,2023-05-30
588,2023-05-28,641,1,2023-05-29
589,2023-05-28,743,20,2023-06-03
590,2023-05-28,403,4,2023-06-02
591,2023-05-28,425,21,2023-05-29
592,2023-05-28,609,21,2023-05-29
593,2023-05-28,49,3,2023-05-30
594,2023-05-28,645,25,2023-05-30
595,2023-05-28,948,11,2023-06-05
596,2023-05-28,503,21,2023-05-29
597,2023-05-28,899,1,2023-06-06
598,2023-05-28,419,15,2023-06-03
599,2023-05-28,132,24,2023-06-01
600,2023-05-28,582,20,2023-06-03
601,2023-05-28,796,11,2023-06-04
602,2023-05-28,590,18,2023-06-05
603,2023-05-28,552,22,2023-05-29
604,2023-05-28,308,19,2023-06-03
605,2023-05-28,553,21,2023-06-01
606,2023-05-28,300,6,2023-06-04
607,2023-05-28,182,19,2023-05-30
608,2023-05-28,628,14,2023-06-04
609,2023-05-28,267,4,2023-06-05
610,2023-05-28,287,23,2023-06-02
611,2023-05-28,958,11,2023-05-31
612,2023-05-28,632,21,2023-05-30
613,2023-05-28,306,4,2023-06-02
614,2023-05-28,848,18,2023-06-04
615,2023-05-28,710,8,2023-06-03
616,2023-05-28,291,5,2023-06-02
617,2023-05-28,531,24,2023-05-31
618,2023-05-28,206,7,2023-06-01
619,2023-05-28,951,9,2023-06-06
620,2023-05-28,859,22,2023-06-04
621,2023-05-28,447,20,2023-05-30
622,2023-05-28,935,8,2023-06-04
623,2023-05-28,753,24,2023-05-30
624,2023-05-28,625,13,2023-06-06
625,2023-05-28,740,7,2023-06-01
626,2023-05-28,601,21,2023-06-01
627,2023-05-28,702,15,2023-06-04
628,2023-05-28,489,20,2023-06-06
629,2023-05-28,854,3,2023-06-02
630,2023-05-28,531,13,2023-06-05
631,2023-05-28,701,3,2023-06-03
632,2023-05-28,554,25,2023-06-03
633,2023-05-28,956,15,2023-06-03
634,2023-05-28,636,12,2023-06-05
635,2023-05-28,422,13,2023-06-06
636,2023-05-28,138,12,2023-06-04
637,2023-05-28,427,6,2023-05-29
638,2023-05-28,879,7,2023-06-02
639,2023-05-28,105,11,2023-05-29
640,2023-05-28,643,18,2023-05-30
641,2023-05-28,130,10,2023-06-04
642,2023-05-28,461,9,2023-06-01
643,2023-05-28,42,6,2023-05-31
644,2023-05-28,379,2,2023-06-04
645,2023-05-28,848,7,2023-06-05
646,2023-05-28,405,18,2023-05-31
647,2023-05-28,214,9,2023-06-01
648,2023-05-28,824,7,2023-06-03
649,2023-05-28,254,7,2023-06-05
650,2023-05-28,402,8,2023-05-29
651,2023-05-28,169,15,2023-05-30
652,2023-05-28,995,11,2023-05-29
653,2023-05-28,947,5,2023-06-04
654,2023-05-28,781,1,2023-05-30
655,2023-05-28,67,14,2023-05-31
656,2023-05-28,946,13,2023-05-30
657,2023-05-28,708,3,2023-06-01
658,2023-05-28,791,5,2023-06-06
659,2023-05-28,196,9,2023-05-31
660,2023-05-28,324,25,2023-05-30
661,2023-05-28,48,4,2023-06-02
662,2023-05-28,688,8,2023-06-01
663,2023-05-28,683,17,2023-06-02
664,2023-05-28,838,15,2023-06-02
665,2023-05-28,574,4,2023-05-29
666,2023-05-28,63,21,2023-06-05
667,2023-05-28,429,3,2023-05-31
668,2023-05-28,73,18,2023-05-29
669,2023-05-28,791,11,2023-06-03
670,2023-05-28,742,5,2023-06-06
671,2023-05-28,154,5,2023-06-03
672,2023-05-28,771,10,2023-06-06
673,2023-05-28,348,5,2023-06-01
674,2023-05-28,573,2,2023-06-01
675,2023-05-28,228,24,2023-06-01
676,2023-05-28,949,13,2023-05-29
677,2023-05-28,103,13,2023-06-05
678,2023-05-28,48,12,2023-06-03
679,2023-05-28,182,11,2023-06-06
680,2023-05-28,103,20,2023-06-02
681,2023-05-28,725,9,2023-06-01
682,2023-05-28,126,23,2023-05-29
683,2023-05-29,865,12,2023-06-02
684,2023-05-29,62,14,2023-06-04
685,2023-05-29,924,25,2023-06-05
686,2023-05-29,621,5,2023-05-30
687,2023-05-29,212,10,2023-05-31
688,2023-05-29,332,17,2023-06-02
689,2023-05-29,533,13,2023-06-03
690,2023-05-29,497,21,2023-06-06
691,2023-05-29,189,6,2023-06-07
692,2023-05-29,129,2,2023-06-02
693,2023-05-29,87,9,2023-06-03
694,2023-05-29,721,24,2023-06-05
695,2023-05-29,906,3,2023-06-03
696,2023-05-29,848,14,2023-06-01
697,2023-05-29,507,5,2023-06-04
698,2023-05-29,424,10,2023-06-01
699,2023-05-29,51,24,2023-06-04
700,2023-05-29,718,20,2023-05-30
701,2023-05-29,939,8,2023-06-03
702,2023-05-29,618,3,2023-05-30
703,2023-05-29,901,25,2023-06-03
704,2023-05-29,828,16,2023-06-06
705,2023-05-29,478,21,2023-05-30
706,2023-05-29,230,20,2023-06-04
707,2023-05-29,695,9,2023-05-30
708,2023-05-29,620,2,2023-05-31
709,2023-05-29,646,17,2023-06-06
710,2023-05-29,885,19,2023-06-03
711,2023-05-29,622,16,2023-05-31
712,2023-05-29,417,10,2023-05-30
713,2023-05-29,494,16,2023-06-07
714,2023-05-29,660,19,2023-06-01
715,2023-05-29,773,9,2023-06-05
716,2023-05-29,248,20,2023-06-01
717,2023-05-29,479,9,2023-05-30
718,2023-05-29,471,18,2023-06-02
719,2023-05-29,306,19,2023-06-01
720,2023-05-29,298,7,2023-06-06
721,2023-05-29,633,16,2023-05-31
722,2023-05-29,430,15,2023-06-06
723,2023-05-29,554,6,2023-05-30
724,2023-05-29,584,13,2023-06-05
725,2023-05-29,131,4,2023-06-03
726,2023-05-29,944,2,2023-06-05
727,2023-05-29,620,22,2023-05-30
728,2023-05-29,631,20,2023-06-03
729,2023-05-29,463,6,2023-06-04
730,2023-05-29,337,25,2023-06-06
731,2023-05-29,298,6,2023-05-30
732,2023-05-29,709,25,2023-05-30
733,2023-05-29,837,1,2023-06-05
734,2023-05-29,968,25,2023-06-03
735,2023-05-29,289,14,2023-06-07
736,2023-05-29,109,20,2023-06-05
737,2023-05-29,465,1,2023-06-04
738,2023-05-29,516,19,2023-06-06
739,2023-05-29,131,4,2023-06-06
740,2023-05-29,23,21,2023-06-04
741,2023-05-29,109,5,2023-06-04
742,2023-05-29,222,16,2023-06-05
743,2023-05-29,115,15,2023-06-06
744,2023-05-29,848,11,2023-06-01
745,2023-05-29,808,6,2023-06-01
746,2023-05-29,705,4,2023-06-02
747,2023-05-29,272,7,2023-06-05
748,2023-05-29,921,7,2023-06-03
749,2023-05-29,862,1,2023-05-31
750,2023-05-29,383,5,2023-05-30
751,2023-05-29,373,15,2023-06-02
752,2023-05-29,950,8,2023-06-04
753,2023-05-29,544,25,2023-06-05
754,2023-05-29,815,7,2023-06-04
755,2023-05-29,354,10,2023-06-01
756,2023-05-29,993,7,2023-06-04
757,2023-05-29,804,2,2023-06-07
758,2023-05-29,794,24,2023-06-01
759,2023-05-29,903,13,2023-06-07
760,2023-05-29,671,6,2023-06-02
761,2023-05-29,510,9,2023-06-03
762,2023-05-29,74,18,2023-06-06
763,2023-05-29,595,7,2023-05-31
764,2023-05-29,963,17,2023-05-31
765,2023-05-29,107,3,2023-06-02
766,2023-05-29,223,13,2023-06-06
767,2023-05-29,796,2,2023-06-02
768,2023-05-29,873,22,2023-06-07
769,2023-05-29,137,12,2023-06-01
770,2023-05-29,26,16,2023-06-07
771,2023-05-29,460,11,2023-06-01
772,2023-05-29,957,20,2023-06-06
773,2023-05-29,465,3,2023-06-07
774,2023-05-29,269,6,2023-06-01
775,2023-05-29,564,18,2023-05-30
776,2023-05-29,15,14,2023-06-03
777,2023-05-29,476,20,2023-06-03
778,2023-05-29,360,20,2023-06-05
779,2023-05-29,199,11,2023-06-06
780,2023-05-29,405,8,2023-06-06
781,2023-05-29,965,8,2023-05-30
782,2023-05-29,263,9,2023-06-02
783,2023-05-29,25,22,2023-06-06
784,2023-05-29,919,17,2023-06-01
785,2023-05-29,327,10,2023-05-30
786,2023-05-29,423,10,2023-06-07
787,2023-05-29,84,11,2023-06-07
788,2023-05-29,436,12,2023-05-31
789,2023-05-29,815,17,2023-06-06
790,2023-05-29,948,1,2023-06-02
791,2023-05-29,89,9,2023-06-01
792,2023-05-29,849,6,2023-05-31
793,2023-05-29,21,21,2023-06-06
794,2023-05-29,290,18,2023-06-05
795,2023-05-29,580,14,2023-06-01
796,2023-05-29,131,20,2023-06-03
797,2023-05-29,157,4,2023-06-03
798,2023-05-29,577,13,2023-06-01
799,2023-05-29,923,17,2023-06-05
800,2023-05-29,878,7,2023-05-30
801,2023-05-29,805,23,2023-06-04
802,2023-05-29,282,4,2023-05-31
803,2023-05-29,533,16,2023-05-30
804,2023-05-29,208,8,2023-06-06
805,2023-05-29,927,19,2023-06-07
806,2023-05-29,401,3,2023-05-31
807,2023-05-29,517,18,2023-06-03
808,2023-05-29,77,10,2023-06-06
809,2023-05-29,813,11,2023-06-05
810,2023-05-29,637,21,2023-06-04
811,2023-05-29,262,2,2023-06-02
812,2023-05-29,255,25,2023-05-30
813,2023-05-29,6,18,2023-06-05
814,2023-05-29,470,10,2023-06-07
815,2023-05-29,162,23,2023-06-03
816,2023-05-29,395,17,2023-06-06
817,2023-05-29,205,14,2023-05-31
818,2023-05-29,365,8,2023-06-02
819,2023-05-29,918,1,2023-06-02
820,2023-05-29,31,16,2023-06-07
821,2023-05-29,933,11,2023-06-04
822,2023-05-29,616,12,2023-06-07
823,2023-05-29,451,6,2023-05-30
824,2023-05-29,638,16,2023-05-31
825,2023-05-29,277,12,2023-06-04
826,2023-05-29,230,6,2023-06-08
827,2023-05-29,503,18,2023-06-06
828,2023-05-29,654,5,2023-05-30
829,2023-05-29,746,15,2023-06-06
830,2023-05-29,427,9,2023-06-01
831,2023-05-29,864,24,2023-06-06
832,2023-05-29,668,24,2023-06-07
833,2023-05-29,656,7,2023-06-02
834,2023-05-29,872,25,2023-05-30
835,2023-05-29,693,8,2023-06-02
836,2023-05-29,833,10,2023-05-31
837,2023-05-30,641,8,2023-06-02
838,2023-05-30,148,18,2023-06-06
839,2023-05-30,765,11,2023-06-08
840,2023-05-30,150,17,2023-05-31
841,2023-05-30,284,23,2023-06-02
842,2023-05-30,714,19,2023-06-01
843,2023-05-30,112,1,2023-05-31
844,2023-05-30,72,7,2023-06-01
845,2023-05-30,39,12,2023-06-07
846,2023-05-30,941,25,2023-06-01
847,2023-05-30,272,3,2023-06-06
848,2023-05-30,29,18,2023-06-05
849,2023-05-30,347,22,2023-06-07
850,2023-05-30,184,11,2023-05-31
851,2023-05-30,837,6,2023-06-06
852,2023-05-30,629,2,2023-06-01
853,2023-05-30,964,16,2023-06-01
854,2023-05-30,823,21,2023-06-01
855,2023-05-30,169,11,2023-06-03
856,2023-05-30,548,11,2023-06-07
857,2023-05-30,433,6,2023-06-02
858,2023-05-30,170,12,2023-06-01
859,2023-05-30,581,8,2023-06-02
860,2023-05-30,559,4,2023-06-08
861,2023-05-30,74,19,2023-06-06
862,2023-05-30,677,22,2023-06-03
863,2023-05-30,123,14,2023-06-05
864,2023-05-30,145,13,2023-06-06
865,2023-05-30,335,6,2023-06-07
866,2023-05-30,558,11,2023-06-08
867,2023-05-30,309,25,2023-06-01
868,2023-05-30,985,9,2023-05-31
869,2023-05-30,403,2,2023-06-03
870,2023-05-30,915,17,2023-06-06
871,2023-05-30,636,6,2023-06-04
872,2023-05-30,593,19,2023-06-06
873,2023-05-30,641,17,2023-06-07
874,2023-05-30,516,22,2023-06-01
875,2023-05-30,199,17,2023-06-06
876,2023-05-30,186,15,2023-06-07
877,2023-05-30,409,6,2023-06-02
878,2023-05-30,635,22,2023-06-07
879,2023-05-30,916,14,2023-06-05
880,2023-05-30,251,4,2023-06-02
881,2023-05-30,745,19,2023-06-02
882,2023-05-30,400,9,2023-06-02
883,2023-05-30,223,8,2023-06-07
884,2023-05-30,458,16,2023-05-31
885,2023-05-30,948,16,2023-06-03
886,2023-05-30,378,5,2023-06-01
887,2023-05-30,387,24,2023-06-01
888,2023-05-30,739,22,2023-06-06
889,2023-05-30,539,12,2023-05-31
890,2023-05-30,521,21,2023-06-01
891,2023-05-30,322,18,2023-06-08
892,2023-05-30,974,3,2023-06-05
893,2023-05-30,284,8,2023-06-07
894,2023-05-30,206,25,2023-06-07
895,2023-05-30,233,17,2023-06-05
896,2023-05-30,397,18,2023-06-05
897,2023-05-30,823,16,2023-06-08
898,2023-05-30,120,1,2023-06-01
899,2023-05-30,330,22,2023-06-06
900,2023-05-30,128,2,2023-06-07
901,2023-05-30,740,4,2023-06-02
902,2023-05-30,31,6,2023-06-07
903,2023-05-30,70,4,2023-06-03
904,2023-05-30,368,15,2023-06-05
905,2023-05-30,854,12,2023-06-06
906,2023-05-30,211,18,2023-06-07
907,2023-05-30,948,10,2023-06-02
908,2023-05-30,728,17,2023-06-03
909,2023-05-30,134,5,2023-06-08
910,2023-05-30,434,16,2023-06-04
911,2023-05-30,991,4,2023-06-07
912,2023-05-30,766,15,2023-05-31
913,2023-05-30,894,17,2023-06-07
914,2023-05-30,351,25,2023-06-04
915,2023-05-30,26,25,2023-06-02
916,2023-05-30,545,4,2023-05-31
917,2023-05-30,127,3,2023-06-02
918,2023-05-30,27,5,2023-05-31
919,2023-05-30,816,9,2023-06-02
920,2023-05-30,916,14,2023-06-02
921,2023-05-30,148,9,2023-06-03
922,2023-05-30,128,8,2023-06-08
923,2023-05-30,514,18,2023-06-05
924,2023-05-30,742,25,2023-06-04
925,2023-05-30,946,5,2023-06-02
926,2023-05-30,570,20,2023-06-01
927,2023-05-30,164,18,2023-05-31
928,2023-05-30,352,1,2023-06-05
929,2023-05-30,934,25,2023-06-06
930,2023-05-30,757,21,2023-06-04
931,2023-05-30,837,21,2023-05-31
932,2023-05-30,481,2,2023-05-31
933,2023-05-30,222,1,2023-06-01
934,2023-05-30,94,13,2023-06-08
935,2023-05-30,336,24,2023-06-02
936,2023-05-30,751,13,2023-06-07
937,2023-05-30,755,5,2023-06-05
938,2023-05-30,745,9,2023-06-04
939,2023-05-30,499,16,2023-06-01
940,2023-05-30,590,16,2023-06-01
941,2023-05-30,489,13,2023-06-01
942,2023-05-30,469,2,2023-06-08
943,2023-05-30,758,25,2023-06-06
944,2023-05-30,322,16,2023-06-07
945,2023-05-30,362,2,2023-06-02
946,2023-05-30,265,1,2023-06-08
947,2023-05-30,289,2,2023-06-04
948,2023-05-30,121,23,2023-06-08
949,2023-05-30,799,18,2023-06-03
950,2023-05-30,741,17,2023-06-01
951,2023-05-30,249,16,2023-05-31
952,2023-05-30,949,23,2023-06-02
953,2023-05-30,408,12,2023-05-31
954,2023-05-30,232,13,2023-06-08
955,2023-05-30,231,22,2023-05-31
956,2023-05-30,157,25,2023-06-07
957,2023-05-30,666,2,2023-06-03
958,2023-05-30,888,17,2023-06-01
959,2023-05-30,962,1,2023-06-02
960,2023-05-30,87,13,2023-06-04
961,2023-05-30,756,9,2023-06-04
962,2023-05-30,601,2,2023-06-05
963,2023-05-30,52,20,2023-06-07
964,2023-05-30,896,25,2023-06-04
965,2023-05-30,513,17,2023-05-31
966,2023-05-30,350,1,2023-05-31
967,2023-05-30,15,15,2023-06-09
968,2023-05-30,245,9,2023-05-31
969,2023-05-30,88,11,2023-05-31
970,2023-05-30,619,13,2023-06-09
971,2023-05-30,272,12,2023-06-06
972,2023-05-30,614,18,2023-06-06
973,2023-05-30,926,13,2023-06-08
974,2023-05-30,76,9,2023-06-08
975,2023-05-30,272,15,2023-06-03
976,2023-05-30,775,5,2023-06-06
977,2023-05-30,205,21,2023-06-04
978,2023-05-30,72,21,2023-06-07
979,2023-05-30,293,17,2023-06-08
980,2023-05-30,685,24,2023-06-01
981,2023-05-30,998,2,2023-06-01
982,2023-05-30,903,15,2023-06-02
983,2023-05-30,869,18,2023-06-02
984,2023-05-30,429,3,2023-06-01
985,2023-05-30,729,18,2023-06-04
986,2023-05-30,386,24,2023-06-01
987,2023-05-30,635,4,2023-06-07
988,2023-05-30,528,6,2023-06-07
989,2023-05-30,392,14,2023-06-03
990,2023-05-30,47,15,2023-06-06
991,2023-05-30,349,24,2023-06-07
992,2023-05-30,715,22,2023-06-05
993,2023-05-30,721,19,2023-06-04
994,2023-05-30,235,25,2023-06-04
995,2023-05-31,125,23,2023-06-06
996,2023-05-31,407,20,2023-05-31
997,2023-05-31,448,25,2023-06-02
998,2023-05-31,475,23,2023-06-01
999,2023-05-31,174,7,2023-06-03
1000,2023-05-31,313,13,2023-06-08
1001,2023-05-31,898,9,2023-06-06
